symbol,date,market cap
AAPL,2015-01-22,654701675200
AAPL,2015-01-29,692562537200
AAPL,2015-02-05,698620275100
AAPL,2015-02-12,736597632100
AAPL,2015-02-19,748188880600
AAPL,2015-02-26,759634510400
AAPL,2015-03-05,736306394700
AAPL,2015-03-12,724889888600
AAPL,2015-03-19,742626246300
AAPL,2015-03-26,723666691500
AAPL,2015-04-02,722128679000
AAPL,2015-04-09,729273903700
AAPL,2015-04-16,726869155100
AAPL,2015-04-23,747032760100
AAPL,2015-04-30,720992904500
AAPL,2015-05-07,721626617800
AAPL,2015-05-14,742884818500
AAPL,2015-05-21,756941731700
AAPL,2015-05-28,759188533400
AAPL,2015-06-04,745246840800
AAPL,2015-06-11,740810847700
AAPL,2015-06-18,736720516400
AAPL,2015-06-25,734531325000
AAPL,2015-07-02,721390776000
AAPL,2015-07-09,685047378000
AAPL,2015-07-16,732856804200
AAPL,2015-07-23,713752685500
AAPL,2015-07-30,697842091100
AAPL,2015-08-06,656554383900
AAPL,2015-08-13,656668438300
AAPL,2015-08-20,642411633300
AAPL,2015-08-27,643951368200
AAPL,2015-09-03,629409427100
AAPL,2015-09-10,641955415500
AAPL,2015-09-17,649654090200
AAPL,2015-09-24,655813030000
AAPL,2015-10-01,611319753700
AAPL,2015-10-08,610873453500
AAPL,2015-10-15,623656525700
AAPL,2015-10-22,643950730500
AAPL,2015-10-29,671994645400
AAPL,2015-11-05,674169024500
AAPL,2015-11-12,645177303300
AAPL,2015-11-19,662237816200
AAPL,2015-11-27,656829745100
AAPL,2015-12-04,663631648900
AAPL,2015-12-11,631015962600
AAPL,2015-12-18,591152345900
AAPL,2015-12-28,592262101300
AAPL,2016-01-04,584111705400
AAPL,2016-01-11,546307763000
AAPL,2016-01-19,535939392800
AAPL,2016-01-26,554402854200
AAPL,2016-02-02,523852201800
AAPL,2016-02-09,526679939200
AAPL,2016-02-16,535828501100
AAPL,2016-02-23,525016564300
AAPL,2016-03-01,557396929000
AAPL,2016-03-08,560169220500
AAPL,2016-03-15,579852490100
AAPL,2016-03-22,591717897800
AAPL,2016-03-29,589919065300
AAPL,2016-04-05,601588155300
AAPL,2016-04-12,604926817000
AAPL,2016-04-19,585591506800
AAPL,2016-04-26,571569298800
AAPL,2016-05-03,521341311500
AAPL,2016-05-10,511701043500
AAPL,2016-05-12,494830574500
AAPL,2016-05-19,515973435000
AAPL,2016-05-26,549988244200
AAPL,2016-06-02,535253971000
AAPL,2016-06-09,545825401200
AAPL,2016-06-16,534322808800
AAPL,2016-06-23,526380542500
AAPL,2016-06-30,515586574000
AAPL,2016-07-07,517420250100
AAPL,2016-07-14,532790770400
AAPL,2016-07-21,535772887500
AAPL,2016-07-28,562230142600
AAPL,2016-08-04,570474460400
AAPL,2016-08-11,581574653000
AAPL,2016-08-18,587771362400
AAPL,2016-08-25,579634813500
AAPL,2016-09-01,575108521400
AAPL,2016-09-08,568588505400
AAPL,2016-09-15,622742357500
AAPL,2016-09-22,617623336700
AAPL,2016-09-29,598611101900
AAPL,2016-10-06,607735945700
AAPL,2016-10-13,624224698700
AAPL,2016-10-20,624200559800
AAPL,2016-10-27,610443192200
AAPL,2016-11-03,585647936800
AAPL,2016-11-10,574770018300
AAPL,2016-11-17,586287814400
AAPL,2016-11-25,596099270300
AAPL,2016-12-02,586021198700
AAPL,2016-12-09,607617066400
AAPL,2016-12-16,618388338600
AAPL,2016-12-23,621321110800
AAPL,2016-12-30,608960249100
AAPL,2017-01-06,619666925900
AAPL,2017-01-13,625605553900
AAPL,2017-01-20,629584800000
AAPL,2017-01-27,639815553000
AAPL,2017-02-03,677223383200
AAPL,2017-02-10,693172864800
AAPL,2017-02-17,712060408800
AAPL,2017-02-24,716992156400
AAPL,2017-03-03,733361361200
AAPL,2017-03-10,730003575600
AAPL,2017-03-17,734463134600
AAPL,2017-03-24,737873385600
AAPL,2017-03-31,753717936400
AAPL,2017-04-07,746201522100
AAPL,2017-04-17,738340741400
AAPL,2017-04-24,748915977600
AAPL,2017-05-01,764244667200
AAPL,2017-05-08,797769658400
AAPL,2017-05-15,811794888000
AAPL,2017-05-22,802879221600
AAPL,2017-05-30,801210792800
AAPL,2017-06-06,805277588000
AAPL,2017-06-13,764296805600
AAPL,2017-06-20,756058938400
AAPL,2017-06-27,749385223200
AAPL,2017-07-05,744913888400
AAPL,2017-07-12,753444028700
AAPL,2017-07-19,780740477600
AAPL,2017-07-26,792655888900
AAPL,2017-08-02,811663927900
AAPL,2017-08-09,831911621700
AAPL,2017-08-16,831343446600
AAPL,2017-08-23,826333175400
AAPL,2017-08-30,843739993800
AAPL,2017-09-06,836302065500
AAPL,2017-09-13,824628650200
AAPL,2017-09-20,806137134000
AAPL,2017-09-27,796633114400
AAPL,2017-10-04,786769329500
AAPL,2017-10-11,802506766600
AAPL,2017-10-18,818961871800
AAPL,2017-10-25,803057739900
AAPL,2017-11-01,856865329700
AAPL,2017-11-08,904871146900
AAPL,2017-11-15,868109473000
AAPL,2017-11-22,898299227500
AAPL,2017-11-29,870163197800
AAPL,2017-12-06,867750071100
AAPL,2017-12-13,884487928200
AAPL,2017-12-20,886928213600
AAPL,2017-12-27,867851753600
AAPL,2018-01-03,875212751700
AAPL,2018-01-10,885680952800
AAPL,2018-01-17,910123694100
AAPL,2018-01-24,883994544900
AAPL,2018-01-31,849541996600
AAPL,2018-02-07,809508034000
AAPL,2018-02-14,849237555800
AAPL,2018-02-21,868011403900
AAPL,2018-02-28,903783195600
AAPL,2018-03-07,888104495400
AAPL,2018-03-14,905406879700
AAPL,2018-03-21,869026206500
AAPL,2018-03-28,844721684200
AAPL,2018-04-04,848316624000
AAPL,2018-04-11,852419548100
AAPL,2018-04-18,879113270900
AAPL,2018-04-25,804362333700
AAPL,2018-05-02,867865916700
AAPL,2018-05-09,920900255700
AAPL,2018-05-16,924930668800
AAPL,2018-05-23,925815393700
AAPL,2018-05-30,921588375000
AAPL,2018-06-06,953438469200
AAPL,2018-06-13,937316816600
AAPL,2018-06-20,916673237000
AAPL,2018-06-27,905171814100
AAPL,2018-07-05,897876811800
AAPL,2018-07-12,925142434500
AAPL,2018-07-19,929258914000
AAPL,2018-07-26,938019928500
AAPL,2018-08-02,1001678353100
AAPL,2018-08-09,1008874942900
AAPL,2018-08-16,1030319814300
AAPL,2018-08-23,1040800753700
AAPL,2018-08-30,1086878247800
AAPL,2018-09-06,1077556490600
AAPL,2018-09-13,1093543545700
AAPL,2018-09-20,1062728617800
AAPL,2018-09-27,1086491853700
AAPL,2018-10-04,1084089258100
AAPL,2018-10-11,1019706747700
AAPL,2018-10-18,1027172075700
AAPL,2018-10-25,1045145922800
AAPL,2018-11-01,1054522343600
AAPL,2018-11-08,989368029000
AAPL,2018-11-15,908316631200
AAPL,2018-11-23,817584621400
AAPL,2018-11-30,847433174800
AAPL,2018-12-07,799552109000
AAPL,2018-12-14,785268461000
AAPL,2018-12-21,715273840500
AAPL,2018-12-28,741373529500
AAPL,2019-01-04,701240592800
AAPL,2019-01-11,720301698900
AAPL,2019-01-18,739450209600
AAPL,2019-01-25,743882572800
AAPL,2019-02-01,785188425600
AAPL,2019-02-08,803530864800
AAPL,2019-02-15,803578017600
AAPL,2019-02-22,815601981600
AAPL,2019-03-01,825032541600
AAPL,2019-03-08,815319064800
AAPL,2019-03-15,877607913600
AAPL,2019-03-22,900854244000
AAPL,2019-03-29,895667436000
AAPL,2019-04-05,907634948000
AAPL,2019-04-12,916250569100
AAPL,2019-04-22,941057869800
AAPL,2019-04-29,941425955800
AAPL,2019-05-06,959232116000
AAPL,2019-05-13,854511649000
AAPL,2019-05-20,842410821800
AAPL,2019-05-28,820049597200
AAPL,2019-06-04,826537113000
AAPL,2019-06-11,896335420800
AAPL,2019-06-18,913083333800
AAPL,2019-06-25,899832237800
AAPL,2019-07-02,918649708400
AAPL,2019-07-09,911897929800
AAPL,2019-07-16,926670277500
AAPL,2019-07-23,943785551200
AAPL,2019-07-30,943514400400
AAPL,2019-08-06,890278460000
AAPL,2019-08-13,944373044600
AAPL,2019-08-20,950654704800
AAPL,2019-08-27,922635788800
AAPL,2019-09-03,929595326000
AAPL,2019-09-10,979306306000
AAPL,2019-09-17,997383026000
AAPL,2019-09-24,983735102400
AAPL,2019-10-01,997906373200
AAPL,2019-10-08,997062158400
AAPL,2019-10-15,1045582295500
AAPL,2019-10-22,1066205869400
AAPL,2019-10-29,1081001941800
AAPL,2019-11-05,1142496729400
AAPL,2019-11-12,1163957699400
AAPL,2019-11-19,1183197036800
AAPL,2019-11-26,1174310506800
AAPL,2019-12-03,1152805104200
AAPL,2019-12-10,1192927787200
AAPL,2019-12-17,1245935938600
AAPL,2019-12-24,1263086941600
AAPL,2019-12-31,1304764767200
AAPL,2020-01-07,1308149816500
AAPL,2020-01-14,1370797562400
AAPL,2020-01-17,1397320925700
AAPL,2020-01-23,1393156100100
AMZN,2015-01-22,144107611800
AMZN,2015-01-28,141130911000
AMZN,2015-02-04,169384027500
AMZN,2015-02-11,174208976200
AMZN,2015-02-18,173387016700
AMZN,2015-02-25,179348616000
AMZN,2015-03-04,178115323800
AMZN,2015-03-11,170506143300
AMZN,2015-03-18,174585315600
AMZN,2015-03-25,172642298600
AMZN,2015-04-01,172538830000
AMZN,2015-04-08,177639200000
AMZN,2015-04-15,178565379400
AMZN,2015-04-22,181522453800
AMZN,2015-04-29,199949451000
AMZN,2015-05-06,195166907100
AMZN,2015-05-13,198785248500
AMZN,2015-05-20,197383548700
AMZN,2015-05-27,200904097000
AMZN,2015-06-03,203311667800
AMZN,2015-06-10,200601404400
AMZN,2015-06-17,199222988600
AMZN,2015-06-24,205290812000
AMZN,2015-07-01,204698520000
AMZN,2015-07-08,201099600000
AMZN,2015-07-15,215703267100
AMZN,2015-07-22,228368859400
AMZN,2015-07-29,247418695800
AMZN,2015-08-05,251165054500
AMZN,2015-08-12,245973471300
AMZN,2015-08-19,249252119800
AMZN,2015-08-26,234215236900
AMZN,2015-09-02,238789442600
AMZN,2015-09-09,241754725300
AMZN,2015-09-16,246665682400
AMZN,2015-09-23,250725406900
AMZN,2015-09-30,240076410000
AMZN,2015-10-07,254169860000
AMZN,2015-10-14,255395600500
AMZN,2015-10-21,260523856700
AMZN,2015-10-28,289273030200
AMZN,2015-11-04,300453003900
AMZN,2015-11-11,315594016500
AMZN,2015-11-18,311042337500
AMZN,2015-11-25,316573729100
AMZN,2015-12-02,316887799600
AMZN,2015-12-09,311628290000
AMZN,2015-12-16,316775296700
AMZN,2015-12-23,311117339400
AMZN,2015-12-30,323009831300
AMZN,2016-01-06,297978150000
AMZN,2016-01-13,274032510000
AMZN,2016-01-20,269213330300
AMZN,2016-01-27,274665680700
AMZN,2016-02-03,250050060900
AMZN,2016-02-10,230938584200
AMZN,2016-02-17,251507262700
AMZN,2016-02-24,260896992800
AMZN,2016-03-02,273220424800
AMZN,2016-03-09,263453975400
AMZN,2016-03-16,270423283600
AMZN,2016-03-23,268632153500
AMZN,2016-03-30,282336576300
AMZN,2016-04-06,284181760000
AMZN,2016-04-13,290195040000
AMZN,2016-04-20,298662405700
AMZN,2016-04-27,286196710000
AMZN,2016-05-04,316549405200
AMZN,2016-05-11,336521884400
AMZN,2016-05-18,329076438600
AMZN,2016-05-25,334219363800
AMZN,2016-06-01,339451936300
AMZN,2016-06-08,342849097900
AMZN,2016-06-15,337007867300
AMZN,2016-06-22,335280976800
AMZN,2016-06-29,337640116800
AMZN,2016-07-06,349627140000
AMZN,2016-07-13,352006620000
AMZN,2016-07-20,353526090400
AMZN,2016-07-27,349235725200
AMZN,2016-08-03,357754826000
AMZN,2016-08-10,364353929200
AMZN,2016-08-17,362490820300
AMZN,2016-08-24,358992157900
AMZN,2016-08-31,364638373300
AMZN,2016-09-07,371901179300
AMZN,2016-09-14,360812600100
AMZN,2016-09-21,374394805900
AMZN,2016-09-28,392874190900
AMZN,2016-10-05,401071000000
AMZN,2016-10-12,396192750000
AMZN,2016-10-19,388538895400
AMZN,2016-10-26,390867211200
AMZN,2016-11-02,363768465700
AMZN,2016-11-09,366771518000
AMZN,2016-11-16,354707040600
AMZN,2016-11-23,370686890000
AMZN,2016-11-30,356645719900
AMZN,2016-12-07,366077774900
AMZN,2016-12-14,365317508500
AMZN,2016-12-21,366163304900
AMZN,2016-12-28,366890309600
AMZN,2017-01-04,361174860000
AMZN,2017-01-11,381132540000
AMZN,2017-01-18,385167960000
AMZN,2017-01-25,399162750300
AMZN,2017-02-01,397172948900
AMZN,2017-02-08,391141512500
AMZN,2017-02-15,402111664600
AMZN,2017-02-22,408651913500
AMZN,2017-03-01,407443548300
AMZN,2017-03-08,406211302400
AMZN,2017-03-15,407391010700
AMZN,2017-03-22,405045922500
AMZN,2017-03-29,417879845100
AMZN,2017-04-05,434635840000
AMZN,2017-04-12,428397940000
AMZN,2017-04-19,429795569600
AMZN,2017-04-26,434618342400
AMZN,2017-05-03,449789284800
AMZN,2017-05-10,453574850700
AMZN,2017-05-17,451572133400
AMZN,2017-05-24,468583281400
AMZN,2017-05-31,475403991800
AMZN,2017-06-07,482788713300
AMZN,2017-06-14,466728736500
AMZN,2017-06-21,479041385400
AMZN,2017-06-28,473353476900
AMZN,2017-07-05,466272000000
AMZN,2017-07-12,483124800000
AMZN,2017-07-19,493287297200
AMZN,2017-07-26,505743537600
AMZN,2017-08-02,478405140300
AMZN,2017-08-09,471737472800
AMZN,2017-08-16,469897619300
AMZN,2017-08-23,460203561000
AMZN,2017-08-30,464810400400
AMZN,2017-09-06,464911280100
AMZN,2017-09-13,480187348200
AMZN,2017-09-20,467510133200
AMZN,2017-09-27,456778455200
AMZN,2017-10-04,465346900000
AMZN,2017-10-11,479590000000
AMZN,2017-10-18,480426583400
AMZN,2017-10-25,468818282100
AMZN,2017-11-01,531832709700
AMZN,2017-11-08,545903377900
AMZN,2017-11-15,542920589000
AMZN,2017-11-22,557121362800
AMZN,2017-11-29,559583729700
AMZN,2017-12-06,555285429700
AMZN,2017-12-13,560961884200
AMZN,2017-12-20,567462340200
AMZN,2017-12-27,569698227200
AMZN,2018-01-03,582832800000
AMZN,2018-01-10,607095720000
AMZN,2018-01-17,626780000000
AMZN,2018-01-24,657180365100
AMZN,2018-01-31,702386295400
AMZN,2018-02-07,685873398800
AMZN,2018-02-14,702463752600
AMZN,2018-02-21,718634895400
AMZN,2018-02-28,732945369600
AMZN,2018-03-07,748719360000
AMZN,2018-03-14,771011328000
AMZN,2018-03-21,766582010900
AMZN,2018-03-28,693677583400
AMZN,2018-04-04,684126450000
AMZN,2018-04-11,692076010400
AMZN,2018-04-18,729698769000
AMZN,2018-04-25,708513762600
AMZN,2018-05-02,761650960400
AMZN,2018-05-09,780244855200
AMZN,2018-05-16,770190953800
AMZN,2018-05-23,777265562000
AMZN,2018-05-30,788440337500
AMZN,2018-06-06,822823515700
AMZN,2018-06-13,827243932700
AMZN,2018-06-20,849185893200
AMZN,2018-06-27,805724119700
AMZN,2018-07-05,827768510000
AMZN,2018-07-12,874953940000
AMZN,2018-07-19,884260163400
AMZN,2018-07-26,881836089600
AMZN,2018-08-02,894678315400
AMZN,2018-08-09,925986423000
AMZN,2018-08-16,920133528600
AMZN,2018-08-23,928122729500
AMZN,2018-08-30,976643224100
AMZN,2018-09-06,955148469400
AMZN,2018-09-13,970541581600
AMZN,2018-09-20,948315215200
AMZN,2018-09-27,981813280800
AMZN,2018-10-04,933706380000
AMZN,2018-10-11,840767040000
AMZN,2018-10-18,865826479400
AMZN,2018-10-25,871425169900
AMZN,2018-11-01,814391872400
AMZN,2018-11-08,858095885800
AMZN,2018-11-15,791855309600
AMZN,2018-11-23,734460175300
AMZN,2018-11-30,826440058700
AMZN,2018-12-07,796593415300
AMZN,2018-12-14,778394004000
AMZN,2018-12-21,673529798100
AMZN,2018-12-28,722705370200
AMZN,2019-01-04,773516490000
AMZN,2019-01-11,805514960000
AMZN,2019-01-18,832834200000
AMZN,2019-01-25,820588828700
AMZN,2019-02-01,798808892100
AMZN,2019-02-08,780138269800
AMZN,2019-02-15,789829703100
AMZN,2019-02-22,801427003500
AMZN,2019-03-01,822089443300
AMZN,2019-03-08,797044121800
AMZN,2019-03-15,842069639900
AMZN,2019-03-22,867842765800
AMZN,2019-03-29,876224092000
AMZN,2019-04-05,903941760000
AMZN,2019-04-12,906785520000
AMZN,2019-04-22,929182729500
AMZN,2019-04-29,954350731100
AMZN,2019-05-06,960317792500
AMZN,2019-05-13,897363325200
AMZN,2019-05-20,915230046200
AMZN,2019-05-28,904132887500
AMZN,2019-06-04,851517388000
AMZN,2019-06-11,917558775700
AMZN,2019-06-18,936104914600
AMZN,2019-06-25,924732050000
AMZN,2019-07-02,955549140000
AMZN,2019-07-09,982220200000
AMZN,2019-07-15,998369060000
AMZN,2019-07-22,982203793300
AMZN,2019-07-29,946004867200
AMZN,2019-08-05,873132145300
AMZN,2019-08-12,882921387500
AMZN,2019-08-19,898354654700
AMZN,2019-08-26,874982158700
AMZN,2019-09-03,885355095000
AMZN,2019-09-10,900545980800
AMZN,2019-09-17,901535292800
AMZN,2019-09-24,861497836200
AMZN,2019-10-01,859146750000
AMZN,2019-10-08,844227450000
AMZN,2019-10-15,874853100000
AMZN,2019-10-22,875443990000
AMZN,2019-10-29,873946682400
AMZN,2019-11-05,893282773200
AMZN,2019-11-12,881527421600
AMZN,2019-11-19,869028374200
AMZN,2019-11-26,890917820600
AMZN,2019-12-03,877541212100
AMZN,2019-12-10,862295448200
AMZN,2019-12-17,887804214200
AMZN,2019-12-24,887085308200
AMZN,2019-12-31,916153898000
AMZN,2020-01-07,945415848800
AMZN,2020-01-14,926863117600
AMZN,2020-01-21,938048302400
AMZN,2020-01-23,931275712600
BABA,2015-01-22,258680676800
BABA,2015-01-29,223385688300
BABA,2015-02-05,216396335400
BABA,2015-02-12,216645066800
BABA,2015-02-19,216122730800
BABA,2015-02-26,212342013300
BABA,2015-03-05,214157752600
BABA,2015-03-12,203760779300
BABA,2015-03-19,213262319500
BABA,2015-03-26,209357236200
BABA,2015-04-02,205329657700
BABA,2015-04-09,214962283900
BABA,2015-04-16,209771645900
BABA,2015-04-23,205329657700
BABA,2015-04-30,202859113700
BABA,2015-05-07,214612914000
BABA,2015-05-14,220602111600
BABA,2015-05-21,234277446100
BABA,2015-05-28,226965634000
BABA,2015-06-04,226067254400
BABA,2015-06-11,217632467800
BABA,2015-06-18,216484538200
BABA,2015-06-25,212716334800
BABA,2015-07-02,204805602900
BABA,2015-07-09,197244241000
BABA,2015-07-16,203458033500
BABA,2015-07-23,209322456100
BABA,2015-07-30,199540100000
BABA,2015-08-06,197044601000
BABA,2015-08-13,187436929900
BABA,2015-08-20,175483489700
BABA,2015-08-27,176781149200
BABA,2015-09-03,165875818500
BABA,2015-09-10,159287701200
BABA,2015-09-17,164702934000
BABA,2015-09-24,149530300100
BABA,2015-09-28,143216687600
BABA,2015-10-05,159537251100
BABA,2015-10-12,175433579700
BABA,2015-10-19,181298002400
BABA,2015-10-26,190531348600
BABA,2015-11-02,210495340600
BABA,2015-11-09,203083708600
BABA,2015-11-16,195397571700
BABA,2015-11-23,202909023700
BABA,2015-11-30,209821555900
BABA,2015-12-07,211518495200
BABA,2015-12-14,201062354400
BABA,2015-12-21,206802002100
BABA,2015-12-28,204980287900
BABA,2016-01-04,191379818300
BABA,2016-01-11,174485290100
BABA,2016-01-19,175009344900
BABA,2016-01-26,174110965200
BABA,2016-02-02,162432029900
BABA,2016-02-09,153198683600
BABA,2016-02-16,165426628700
BABA,2016-02-23,167123568000
BABA,2016-03-01,176831059100
BABA,2016-03-08,177355113900
BABA,2016-03-15,180249892800
BABA,2016-03-22,195098111800
BABA,2016-03-29,194848561900
BABA,2016-04-05,191284105200
BABA,2016-04-12,192620026300
BABA,2016-04-19,196578310900
BABA,2016-04-26,194475472200
BABA,2016-05-03,187795866900
BABA,2016-05-10,197221532200
BABA,2016-05-17,196306178900
BABA,2016-05-24,200685031200
BABA,2016-05-31,202862087800
BABA,2016-06-07,192570547700
BABA,2016-06-14,192397372800
BABA,2016-06-21,194500211500
BABA,2016-06-28,188711220200
BABA,2016-07-05,197425000000
BABA,2016-07-12,204350000000
BABA,2016-07-19,206925000000
BABA,2016-07-26,208975000000
BABA,2016-08-02,209500000000
BABA,2016-08-09,213100000000
BABA,2016-08-16,241650000000
BABA,2016-08-23,239475000000
BABA,2016-08-30,240000000000
BABA,2016-09-06,259450000000
BABA,2016-09-13,250700000000
BABA,2016-09-20,253625000000
BABA,2016-09-27,270650000000
BABA,2016-10-04,263625000000
BABA,2016-10-11,263075000000
BABA,2016-10-18,258350000000
BABA,2016-10-25,260550000000
BABA,2016-11-01,252875000000
BABA,2016-11-08,249625000000
BABA,2016-11-15,227500000000
BABA,2016-11-22,233025000000
BABA,2016-11-29,237475000000
BABA,2016-12-06,226000000000
BABA,2016-12-13,230400000000
BABA,2016-12-20,224600000000
BABA,2016-12-27,218850000000
BABA,2017-01-03,221500000000
BABA,2017-01-10,241875000000
BABA,2017-01-17,240300000000
BABA,2017-01-24,253575000000
BABA,2017-01-31,253275000000
BABA,2017-02-07,252075000000
BABA,2017-02-14,253975000000
BABA,2017-02-21,255300000000
BABA,2017-02-28,257250000000
BABA,2017-03-07,256575000000
BABA,2017-03-14,260625000000
BABA,2017-03-21,262725000000
BABA,2017-03-28,269500000000
BABA,2017-04-04,271957238800
BABA,2017-04-11,279342982200
BABA,2017-04-18,281341180000
BABA,2017-04-25,292090977800
BABA,2017-05-02,298692618400
BABA,2017-05-09,303523704000
BABA,2017-05-16,313691748100
BABA,2017-05-23,310934741100
BABA,2017-05-30,313413518000
BABA,2017-06-06,315209366600
BABA,2017-06-13,345511149700
BABA,2017-06-20,350013418000
BABA,2017-06-27,357980915200
BABA,2017-07-05,366428991700
BABA,2017-07-12,376875265800
BABA,2017-07-19,387372127200
BABA,2017-07-26,394049648700
BABA,2017-08-02,384235715600
BABA,2017-08-09,398349567900
BABA,2017-08-16,403433589900
BABA,2017-08-23,444662226400
BABA,2017-08-30,433153619200
BABA,2017-09-06,425287296600
BABA,2017-09-13,452680310900
BABA,2017-09-20,450100359400
BABA,2017-09-27,432495984600
BABA,2017-10-04,458540265600
BABA,2017-10-11,473883955300
BABA,2017-10-18,460849516600
BABA,2017-10-25,436756331600
BABA,2017-11-01,477450465200
BABA,2017-11-08,476988615000
BABA,2017-11-15,465647626900
BABA,2017-11-22,487098002500
BABA,2017-11-29,461619266900
BABA,2017-12-06,442939992500
BABA,2017-12-13,452792796600
BABA,2017-12-20,442965650800
BABA,2017-12-27,443812376200
BABA,2018-01-03,472113529600
BABA,2018-01-10,486969710800
BABA,2018-01-17,471677337800
BABA,2018-01-24,501697600200
BABA,2018-01-31,524174309600
BABA,2018-02-07,462619942300
BABA,2018-02-14,479195232500
BABA,2018-02-21,484480851400
BABA,2018-02-28,477604415200
BABA,2018-03-07,485070993300
BABA,2018-03-14,494077072100
BABA,2018-03-21,501107458300
BABA,2018-03-28,459053432500
BABA,2018-04-04,442551960700
BABA,2018-04-11,451013609700
BABA,2018-04-18,469840135900
BABA,2018-04-25,437793890600
BABA,2018-05-02,466676662200
BABA,2018-05-09,502632240800
BABA,2018-05-16,509525012700
BABA,2018-05-23,506155784600
BABA,2018-05-30,509190661800
BABA,2018-06-06,535732977300
BABA,2018-06-13,531412135300
BABA,2018-06-20,530409082700
BABA,2018-06-27,475858451600
BABA,2018-07-05,480642241000
BABA,2018-07-12,489103890100
BABA,2018-07-19,481825328700
BABA,2018-07-26,499417328600
BABA,2018-08-02,469634381500
BABA,2018-08-09,455720241300
BABA,2018-08-16,442346206300
BABA,2018-08-23,442963469500
BABA,2018-08-30,449058943100
BABA,2018-09-06,411174417100
BABA,2018-09-13,425731539800
BABA,2018-09-20,426631715200
BABA,2018-09-27,427763364300
BABA,2018-10-04,401555399700
BABA,2018-10-11,364956838600
BABA,2018-10-18,365265470200
BABA,2018-10-25,371901049100
BABA,2018-11-01,389004382200
BABA,2018-11-08,383191820900
BABA,2018-11-15,401786873400
BABA,2018-11-23,386638206800
BABA,2018-11-30,413720627600
BABA,2018-12-07,393659575200
BABA,2018-12-14,383217540200
BABA,2018-12-21,339494733600
BABA,2018-12-28,357729715900
BABA,2019-01-04,359427189600
BABA,2019-01-11,389184417300
BABA,2019-01-18,403844417200
BABA,2019-01-25,409476943500
BABA,2019-02-01,432007048500
BABA,2019-02-08,430438171300
BABA,2019-02-15,427326136300
BABA,2019-02-22,455025820200
BABA,2019-03-01,472926451600
BABA,2019-03-08,450164872900
BABA,2019-03-15,465442135900
BABA,2019-03-22,453328346500
BABA,2019-03-29,469248592000
BABA,2019-04-05,479511496900
BABA,2019-04-12,488721429000
BABA,2019-04-22,479589108600
BABA,2019-04-29,483624921600
BABA,2019-05-06,486988099100
BABA,2019-05-13,439826002600
BABA,2019-05-20,415611124700
BABA,2019-05-28,400502696700
BABA,2019-06-04,401334411600
BABA,2019-06-11,423470823200
BABA,2019-06-18,430917036200
BABA,2019-06-25,431672071800
BABA,2019-07-02,456796532000
BABA,2019-07-09,439482784800
BABA,2019-07-16,453516032500
BABA,2019-07-23,463669959400
BABA,2019-07-30,453281711100
BABA,2019-08-06,409880182500
BABA,2019-08-13,427063751100
BABA,2019-08-20,461378816900
BABA,2019-08-27,432713500200
BABA,2019-09-03,448881676100
BABA,2019-09-10,455598889300
BABA,2019-09-17,466039209000
BABA,2019-09-24,446642605000
BABA,2019-10-01,430745237400
BABA,2019-10-08,422346813800
BABA,2019-10-15,457192447300
BABA,2019-10-22,443108134300
BABA,2019-10-29,461365577000
BABA,2019-11-05,475174336000
BABA,2019-11-12,488150250600
BABA,2019-11-19,483659592000
BABA,2019-11-26,520500855600
BABA,2019-12-03,521035525200
BABA,2019-12-10,537751825400
BABA,2019-12-17,558489274100
BABA,2019-12-24,574800230000
BABA,2019-12-31,569005548300
BABA,2020-01-07,583841006500
BABA,2020-01-13,618313997000
BABA,2020-01-21,596262014000
BABA,2020-01-23,583116671300
BRK.A,2015-01-22,369512853500
BRK.A,2015-01-29,361434714200
BRK.A,2015-02-05,368929624000
BRK.A,2015-02-12,368765334000
BRK.A,2015-02-19,363916285000
BRK.A,2015-02-26,365156750000
BRK.A,2015-03-05,360638500000
BRK.A,2015-03-12,361292414000
BRK.A,2015-03-19,358174000000
BRK.A,2015-03-26,355282320000
BRK.A,2015-04-02,355709500000
BRK.A,2015-04-09,354103911100
BRK.A,2015-04-16,352177050000
BRK.A,2015-04-23,352817820000
BRK.A,2015-04-30,350616200000
BRK.A,2015-05-07,359356960000
BRK.A,2015-05-14,360260610000
BRK.A,2015-05-21,358634023600
BRK.A,2015-05-28,357483940000
BRK.A,2015-06-04,349277795800
BRK.A,2015-06-11,348217420000
BRK.A,2015-06-18,351684150000
BRK.A,2015-06-25,344372800000
BRK.A,2015-07-02,338372673600
BRK.A,2015-07-09,341358450200
BRK.A,2015-07-16,354849040000
BRK.A,2015-07-23,350856064000
BRK.A,2015-07-30,352890458500
BRK.A,2015-08-06,354377645000
BRK.A,2015-08-13,350326910500
BRK.A,2015-08-20,341579624600
BRK.A,2015-08-27,336777902000
BRK.A,2015-09-03,328109494500
BRK.A,2015-09-10,324780168700
BRK.A,2015-09-17,325537730000
BRK.A,2015-09-24,318471540000
BRK.A,2015-10-01,321677472600
BRK.A,2015-10-08,329692334400
BRK.A,2015-10-15,329500056600
BRK.A,2015-10-22,338573268000
BRK.A,2015-10-29,339882926300
BRK.A,2015-11-05,336394119600
BRK.A,2015-11-12,327646301400
BRK.A,2015-11-19,336734303400
BRK.A,2015-11-27,331348881600
BRK.A,2015-12-04,336075300000
BRK.A,2015-12-11,321706840200
BRK.A,2015-12-18,320002848000
BRK.A,2015-12-28,328476218400
BRK.A,2016-01-04,322591203000
BRK.A,2016-01-11,317274820400
BRK.A,2016-01-19,315039780000
BRK.A,2016-01-25,307317443400
BRK.A,2016-02-01,320066940600
BRK.A,2016-02-08,314308532700
BRK.A,2016-02-16,317940381000
BRK.A,2016-02-23,322951037000
BRK.A,2016-03-01,337739250000
BRK.A,2016-03-08,341829921500
BRK.A,2016-03-15,346893545000
BRK.A,2016-03-22,350722982200
BRK.A,2016-03-29,349736800000
BRK.A,2016-04-05,349023258000
BRK.A,2016-04-12,351258690000
BRK.A,2016-04-19,359970300000
BRK.A,2016-04-26,362172858000
BRK.A,2016-05-03,357264769800
BRK.A,2016-05-10,356641807500
BRK.A,2016-05-17,346319371500
BRK.A,2016-05-24,354463905000
BRK.A,2016-05-31,347963071500
BRK.A,2016-06-07,348809577000
BRK.A,2016-06-14,348579459000
BRK.A,2016-06-21,354085854000
BRK.A,2016-06-28,345834480000
BRK.A,2016-07-05,350063648000
BRK.A,2016-07-12,356786790000
BRK.A,2016-07-19,362071607000
BRK.A,2016-07-26,355718320000
BRK.A,2016-08-02,353274110000
BRK.A,2016-08-09,362652641700
BRK.A,2016-08-16,362981339500
BRK.A,2016-08-23,367411650000
BRK.A,2016-08-30,369630915000
BRK.A,2016-09-06,371273171100
BRK.A,2016-09-13,360260685000
BRK.A,2016-09-20,358156493000
BRK.A,2016-09-27,358304444000
BRK.A,2016-10-04,352670436100
BRK.A,2016-10-11,354972480000
BRK.A,2016-10-18,355597200000
BRK.A,2016-10-25,353870934200
BRK.A,2016-11-01,354068280000
BRK.A,2016-11-08,364121011200
BRK.A,2016-11-15,387984000000
BRK.A,2016-11-22,390944844000
BRK.A,2016-11-29,388626804000
BRK.A,2016-12-06,397578384000
BRK.A,2016-12-13,410524884000
BRK.A,2016-12-20,409423404000
BRK.A,2016-12-27,406561200000
BRK.A,2017-01-03,404251155000
BRK.A,2017-01-10,398047211100
BRK.A,2017-01-17,393260653800
BRK.A,2017-01-24,396177724200
BRK.A,2017-01-31,404465489500
BRK.A,2017-02-07,401636718000
BRK.A,2017-02-14,411763961700
BRK.A,2017-02-21,417167836000
BRK.A,2017-02-28,422775240000
BRK.A,2017-03-07,432246984000
BRK.A,2017-03-14,430694550000
BRK.A,2017-03-21,417129069500
BRK.A,2017-03-28,415269140000
BRK.A,2017-04-04,412054530000
BRK.A,2017-04-11,408849204600
BRK.A,2017-04-18,404160450000
BRK.A,2017-04-25,413174502600
BRK.A,2017-05-02,409521846000
BRK.A,2017-05-09,404571600000
BRK.A,2017-05-16,404079864600
BRK.A,2017-05-23,408059796600
BRK.A,2017-05-30,408026904600
BRK.A,2017-06-06,409998780000
BRK.A,2017-06-13,422991120000
BRK.A,2017-06-20,420787356000
BRK.A,2017-06-27,413304426000
BRK.A,2017-07-05,423484500000
BRK.A,2017-07-12,421017600000
BRK.A,2017-07-19,423484500000
BRK.A,2017-07-26,426938160000
BRK.A,2017-08-02,438664158000
BRK.A,2017-08-09,439157538000
BRK.A,2017-08-16,440515977600
BRK.A,2017-08-23,444749178000
BRK.A,2017-08-30,444732732000
BRK.A,2017-09-06,436509732000
BRK.A,2017-09-13,441492870000
BRK.A,2017-09-20,453301081600
BRK.A,2017-09-27,452166324000
BRK.A,2017-10-04,458328549000
BRK.A,2017-10-11,462300499500
BRK.A,2017-10-18,462637663000
BRK.A,2017-10-25,465507664500
BRK.A,2017-11-01,460544016400
BRK.A,2017-11-08,455076684800
BRK.A,2017-11-15,448586304000
BRK.A,2017-11-22,452320000000
BRK.A,2017-11-29,468603503600
BRK.A,2017-12-06,483811340800
BRK.A,2017-12-13,487156864000
BRK.A,2017-12-20,487683200000
BRK.A,2017-12-27,490347759600
BRK.A,2018-01-03,493283711100
BRK.A,2018-01-10,507174080000
BRK.A,2018-01-17,528752211200
BRK.A,2018-01-24,532059904000
BRK.A,2018-01-31,531887282200
BRK.A,2018-02-07,495084800000
BRK.A,2018-02-14,495153225000
BRK.A,2018-02-21,496016850000
BRK.A,2018-02-28,510361250000
BRK.A,2018-03-07,504613620000
BRK.A,2018-03-14,511028133000
BRK.A,2018-03-21,506002000000
BRK.A,2018-03-28,485342445000
BRK.A,2018-04-04,493253250000
BRK.A,2018-04-11,482394605000
BRK.A,2018-04-18,492192225000
BRK.A,2018-04-25,485733955000
BRK.A,2018-05-02,477819295000
BRK.A,2018-05-09,493515111800
BRK.A,2018-05-16,487443130000
BRK.A,2018-05-23,484317440000
BRK.A,2018-05-30,480369200000
BRK.A,2018-06-06,478266762200
BRK.A,2018-06-13,481634281900
BRK.A,2018-06-20,468853500000
BRK.A,2018-06-27,463260160000
BRK.A,2018-07-05,466607938500
BRK.A,2018-07-12,473788800000
BRK.A,2018-07-19,491884900000
BRK.A,2018-07-26,494354195100
BRK.A,2018-08-02,495438316000
BRK.A,2018-08-09,518371010000
BRK.A,2018-08-16,514916300000
BRK.A,2018-08-23,513242410800
BRK.A,2018-08-30,521496700000
BRK.A,2018-09-06,526489578500
BRK.A,2018-09-13,529023032500
BRK.A,2018-09-20,548501016500
BRK.A,2018-09-27,534214968100
BRK.A,2018-10-04,538510186400
BRK.A,2018-10-11,505828400000
BRK.A,2018-10-18,514368360000
BRK.A,2018-10-25,496172632700
BRK.A,2018-11-01,506244462200
BRK.A,2018-11-08,547014440000
BRK.A,2018-11-15,535686710000
BRK.A,2018-11-23,509485178000
BRK.A,2018-11-30,535194200000
BRK.A,2018-12-07,505108405800
BRK.A,2018-12-14,493035344000
BRK.A,2018-12-21,472809682100
BRK.A,2018-12-28,496778420000
BRK.A,2019-01-04,479963250000
BRK.A,2019-01-11,482391782000
BRK.A,2019-01-18,502936014100
BRK.A,2019-01-25,498064017900
BRK.A,2019-02-01,515038111000
BRK.A,2019-02-08,493535133900
BRK.A,2019-02-15,505656099000
BRK.A,2019-02-22,495582000000
BRK.A,2019-03-01,500274439500
BRK.A,2019-03-08,490120800000
BRK.A,2019-03-15,503644200000
BRK.A,2019-03-22,493768020000
BRK.A,2019-03-29,493751628000
BRK.A,2019-04-05,503336870400
BRK.A,2019-04-12,513924450000
BRK.A,2019-04-22,513679140000
BRK.A,2019-04-29,531343311300
BRK.A,2019-05-06,523296000000
BRK.A,2019-05-13,504261108000
BRK.A,2019-05-20,499358478600
BRK.A,2019-05-28,492307081400
BRK.A,2019-06-04,497131200000
BRK.A,2019-06-11,507332201400
BRK.A,2019-06-18,505119019100
BRK.A,2019-06-25,511358310000
BRK.A,2019-07-02,525355510000
BRK.A,2019-07-09,526474800000
BRK.A,2019-07-16,521692082000
BRK.A,2019-07-23,505461560000
BRK.A,2019-07-30,510510620000
BRK.A,2019-08-06,493999050000
BRK.A,2019-08-13,489399340000
BRK.A,2019-08-20,486123170000
BRK.A,2019-08-27,487618280000
BRK.A,2019-09-03,492415704000
BRK.A,2019-09-10,509726381700
BRK.A,2019-09-17,515925696000
BRK.A,2019-09-24,507121704000
BRK.A,2019-10-01,505835158500
BRK.A,2019-10-08,500179670000
BRK.A,2019-10-15,512761725000
BRK.A,2019-10-22,515910906000
BRK.A,2019-10-29,520659490000
BRK.A,2019-11-05,540345000000
BRK.A,2019-11-12,539702780000
BRK.A,2019-11-19,535619630000
BRK.A,2019-11-26,535295260000
BRK.A,2019-12-03,533888570000
BRK.A,2019-12-10,541355600000
BRK.A,2019-12-17,552570000000
BRK.A,2019-12-24,551575537000
BRK.A,2019-12-31,553531700000
BRK.A,2020-01-07,552408630000
BRK.A,2020-01-14,555350780000
BRK.A,2020-01-17,562301100000
BRK.A,2020-01-23,559751160600
FB,2015-01-22,215711700000
FB,2015-01-29,218322920400
FB,2015-02-05,211647277300
FB,2015-02-09,208358438400
FB,2015-02-17,211605292100
FB,2015-02-24,219582475700
FB,2015-03-03,222801339300
FB,2015-03-10,217063365100
FB,2015-03-17,222143571500
FB,2015-03-24,238783696700
FB,2015-03-31,230695290000
FB,2015-04-07,230989920000
FB,2015-04-14,234357613300
FB,2015-04-21,234824711000
FB,2015-04-28,226568496600
FB,2015-05-05,217806799700
FB,2015-05-12,217525976100
FB,2015-05-19,226428084800
FB,2015-05-26,222791418900
FB,2015-06-02,225908561100
FB,2015-06-09,226540414300
FB,2015-06-16,227635626400
FB,2015-06-23,246787797300
FB,2015-06-30,240142000000
FB,2015-07-07,244216000000
FB,2015-07-14,251104000000
FB,2015-07-21,275492000000
FB,2015-07-28,268483910700
FB,2015-08-04,265018329700
FB,2015-08-11,263778609700
FB,2015-08-18,268145805200
FB,2015-08-25,233856276500
FB,2015-09-01,245774494000
FB,2015-09-08,252254848600
FB,2015-09-15,261749977000
FB,2015-09-22,261919029700
FB,2015-09-29,244196668500
FB,2015-10-06,261139200000
FB,2015-10-13,264853680000
FB,2015-10-20,272958000000
FB,2015-10-27,291811800000
FB,2015-11-03,290095634800
FB,2015-11-10,305168843300
FB,2015-11-17,297307019700
FB,2015-11-24,299032096100
FB,2015-12-01,302934728000
FB,2015-12-08,301153091700
FB,2015-12-15,295666783200
FB,2015-12-22,298381657500
FB,2015-12-29,303330647200
FB,2016-01-05,291136820000
FB,2016-01-12,281614580000
FB,2016-01-19,269966840000
FB,2016-01-26,277056943900
FB,2016-02-02,326212208100
FB,2016-02-09,283318761000
FB,2016-02-16,289210561600
FB,2016-02-23,300168741500
FB,2016-03-01,312578524500
FB,2016-03-08,301506493400
FB,2016-03-15,314997862900
FB,2016-03-22,319494986100
FB,2016-03-29,330567017300
FB,2016-04-05,319827000000
FB,2016-04-12,315238500000
FB,2016-04-19,320026500000
FB,2016-04-26,311086717400
FB,2016-05-03,335885674900
FB,2016-05-10,344666812800
FB,2016-05-17,335656850400
FB,2016-05-24,336657957400
FB,2016-05-31,339832896500
FB,2016-06-07,336829575700
FB,2016-06-14,328763514200
FB,2016-06-21,327161743100
FB,2016-06-28,322356429800
FB,2016-07-05,326268000000
FB,2016-07-12,337515660000
FB,2016-07-19,345185820000
FB,2016-07-26,348103146400
FB,2016-08-02,353473158700
FB,2016-08-09,359130337400
FB,2016-08-16,354076208200
FB,2016-08-23,357148889000
FB,2016-08-30,361370235500
FB,2016-09-06,372541009600
FB,2016-09-13,365304415600
FB,2016-09-20,369410895600
FB,2016-09-27,369554478800
FB,2016-10-04,368802630000
FB,2016-10-11,370787760000
FB,2016-10-18,369895890000
FB,2016-10-25,380598330000
FB,2016-11-01,373240691200
FB,2016-11-08,358022846800
FB,2016-11-15,337790031000
FB,2016-11-22,350096886200
FB,2016-11-29,348367585700
FB,2016-12-06,338107069400
FB,2016-12-13,346753571900
FB,2016-12-20,343237327600
FB,2016-12-27,340124586700
FB,2017-01-03,337959120000
FB,2017-01-10,359620200000
FB,2017-01-17,369800040000
FB,2017-01-24,374138040000
FB,2017-01-31,376622363000
FB,2017-02-07,381015134600
FB,2017-02-14,386823997000
FB,2017-02-21,386448299400
FB,2017-02-28,391708065400
FB,2017-03-07,396794432500
FB,2017-03-14,402632194700
FB,2017-03-21,400291309900
FB,2017-03-28,409683749100
FB,2017-04-04,410024890000
FB,2017-04-11,405399170900
FB,2017-04-18,408412429400
FB,2017-04-25,424434852400
FB,2017-05-02,442783466800
FB,2017-05-09,436117659900
FB,2017-05-16,434088936100
FB,2017-05-23,429133053600
FB,2017-05-30,441624196000
FB,2017-06-06,442870412100
FB,2017-06-13,436697295300
FB,2017-06-20,441247433000
FB,2017-06-27,436407477600
FB,2017-07-05,435986000000
FB,2017-07-12,460810000000
FB,2017-07-19,476006000000
FB,2017-07-26,480963998900
FB,2017-08-02,491680484400
FB,2017-08-09,497140374000
FB,2017-08-16,493713422000
FB,2017-08-23,489967008400
FB,2017-08-30,493481086300
FB,2017-09-06,499783192900
FB,2017-09-13,502571221600
FB,2017-09-20,500015528600
FB,2017-09-27,486975685900
FB,2017-10-04,489428520000
FB,2017-10-11,501982440000
FB,2017-10-18,511543180000
FB,2017-10-25,495763600000
FB,2017-11-01,530775017100
FB,2017-11-08,521767010200
FB,2017-11-15,517088658200
FB,2017-11-22,525573619600
FB,2017-11-29,508894277600
FB,2017-12-06,511596679700
FB,2017-12-13,518105691200
FB,2017-12-20,516914309600
FB,2017-12-27,516129741300
FB,2018-01-03,536651020000
FB,2018-01-10,545863040000
FB,2018-01-17,516105600000
FB,2018-01-24,542114300000
FB,2018-01-31,542915599500
FB,2018-02-07,523423044100
FB,2018-02-14,521505743600
FB,2018-02-21,516828692300
FB,2018-02-28,518019742700
FB,2018-03-07,533677697000
FB,2018-03-14,535072097400
FB,2018-03-21,492078085500
FB,2018-03-28,444552272400
FB,2018-04-04,450100200000
FB,2018-04-11,482221754800
FB,2018-04-18,482337729200
FB,2018-04-25,462243097400
FB,2018-05-02,509657099100
FB,2018-05-09,528732695700
FB,2018-05-16,530295794600
FB,2018-05-23,541005917100
FB,2018-05-30,543234780500
FB,2018-06-06,553858064100
FB,2018-06-13,556955315800
FB,2018-06-20,584714795400
FB,2018-06-27,566883888800
FB,2018-07-05,573718950000
FB,2018-07-12,598205720000
FB,2018-07-19,601588190000
FB,2018-07-26,508901168100
FB,2018-08-02,509218762100
FB,2018-08-09,528620871800
FB,2018-08-16,504397106900
FB,2018-08-23,499200113200
FB,2018-08-30,512885529900
FB,2018-09-06,469259655300
FB,2018-09-13,465881609400
FB,2018-09-20,479336048600
FB,2018-09-27,487478005300
FB,2018-10-04,456376050000
FB,2018-10-11,440574550000
FB,2018-10-18,445085160000
FB,2018-10-25,433679350000
FB,2018-11-01,436097268300
FB,2018-11-08,424946972400
FB,2018-11-15,413394346300
FB,2018-11-23,378564040500
FB,2018-11-30,404083274400
FB,2018-12-07,394915892000
FB,2018-12-14,413997841700
FB,2018-12-21,359079760600
FB,2018-12-28,382788508300
FB,2019-01-04,393709300000
FB,2019-01-11,410405200000
FB,2019-01-18,428214160000
FB,2019-01-25,425274540000
FB,2019-02-01,472934649800
FB,2019-02-08,477558113200
FB,2019-02-15,463773342500
FB,2019-02-22,462032408700
FB,2019-03-01,463145464700
FB,2019-03-08,484036670100
FB,2019-03-15,473705227000
FB,2019-03-22,469024683700
FB,2019-03-29,475731559800
FB,2019-04-05,501788632700
FB,2019-04-12,511440610700
FB,2019-04-22,517918429700
FB,2019-04-29,555997309000
FB,2019-05-06,553428269200
FB,2019-05-13,518203878600
FB,2019-05-20,521572175300
FB,2019-05-28,526110812300
FB,2019-06-04,478126857200
FB,2019-06-11,508384437500
FB,2019-06-18,537985485300
FB,2019-06-25,539041646100
FB,2019-07-02,556530000000
FB,2019-07-09,568545340000
FB,2019-07-16,581759360000
FB,2019-07-23,577323063200
FB,2019-07-30,562145366500
FB,2019-08-06,526397896800
FB,2019-08-13,537638521700
FB,2019-08-20,524400831400
FB,2019-08-27,517239925600
FB,2019-09-03,520349641700
FB,2019-09-10,531133794600
FB,2019-09-17,536582930000
FB,2019-09-24,517182866600
FB,2019-10-01,501761740000
FB,2019-10-08,507298500000
FB,2019-10-15,539092060000
FB,2019-10-22,520398360000
FB,2019-10-29,539864129900
FB,2019-11-05,554151379900
FB,2019-11-12,554579141900
FB,2019-11-19,568410112400
FB,2019-11-26,567412001100
FB,2019-12-03,566984239100
FB,2019-12-10,572830319500
FB,2019-12-17,565757988100
FB,2019-12-24,584950242100
FB,2019-12-31,585320969100
FB,2020-01-07,607593109300
FB,2020-01-14,624703588300
FB,2020-01-17,633486967500
FB,2020-01-23,625929839300
GOOG,2015-01-22,362980068800
GOOG,2015-01-28,346413359100
GOOG,2015-02-04,355315865700
GOOG,2015-02-11,364294599100
GOOG,2015-02-18,366829850700
GOOG,2015-02-25,369664167100
GOOG,2015-03-04,389715085300
GOOG,2015-03-11,374632716700
GOOG,2015-03-18,380287755300
GOOG,2015-03-25,379801775200
GOOG,2015-04-01,369698954100
GOOG,2015-04-08,369053516600
GOOG,2015-04-15,362866397300
GOOG,2015-04-22,367523771900
GOOG,2015-04-29,375212335500
GOOG,2015-05-06,358224321600
GOOG,2015-05-13,361914397000
GOOG,2015-05-20,368508698500
GOOG,2015-05-27,368864039100
GOOG,2015-06-03,369219379700
GOOG,2015-06-10,366745662400
GOOG,2015-06-17,361668392000
GOOG,2015-06-24,367531511800
GOOG,2015-07-01,357716101600
GOOG,2015-07-08,354281796700
GOOG,2015-07-15,384025207800
GOOG,2015-07-22,453892855900
GOOG,2015-07-29,433210258900
GOOG,2015-08-05,441333851100
GOOG,2015-08-12,452151596500
GOOG,2015-08-19,453070213700
GOOG,2015-08-26,430941137400
GOOG,2015-09-02,421151694800
GOOG,2015-09-09,420041127700
GOOG,2015-09-16,435986676500
GOOG,2015-09-23,426649687100
GOOG,2015-09-30,418406175100
GOOG,2015-10-07,441746475500
GOOG,2015-10-14,447798173900
GOOG,2015-10-21,441918398700
GOOG,2015-10-28,490313681300
GOOG,2015-11-04,500739595400
GOOG,2015-11-11,505753112100
GOOG,2015-11-18,508916648000
GOOG,2015-11-25,514521608400
GOOG,2015-12-02,524307938000
GOOG,2015-12-09,516901137600
GOOG,2015-12-16,521357596900
GOOG,2015-12-23,516007094800
GOOG,2015-12-30,530236129200
GOOG,2016-01-06,511125719800
GOOG,2016-01-13,481528514900
GOOG,2016-01-20,480078210600
GOOG,2016-01-27,481136726500
GOOG,2016-02-03,500374078600
GOOG,2016-02-10,470893341600
GOOG,2016-02-17,487605746300
GOOG,2016-02-24,481520999300
GOOG,2016-03-02,494798688200
GOOG,2016-03-09,485430655800
GOOG,2016-03-16,506665321600
GOOG,2016-03-23,508021311600
GOOG,2016-03-30,516604659500
GOOG,2016-04-06,512133926500
GOOG,2016-04-13,516276485000
GOOG,2016-04-20,516928938900
GOOG,2016-04-27,484598122400
GOOG,2016-05-04,477636452600
GOOG,2016-05-11,491086069000
GOOG,2016-05-18,485140501000
GOOG,2016-05-25,497937889900
GOOG,2016-06-01,504034500100
GOOG,2016-06-08,500004421100
GOOG,2016-06-15,493578264400
GOOG,2016-06-22,478844789800
GOOG,2016-06-29,469679277900
GOOG,2016-07-06,479213085100
GOOG,2016-07-13,492406090400
GOOG,2016-07-20,509032985800
GOOG,2016-07-27,509431317100
GOOG,2016-08-03,531386356700
GOOG,2016-08-10,539290005400
GOOG,2016-08-17,536011709400
GOOG,2016-08-24,528953407400
GOOG,2016-08-31,527173368300
GOOG,2016-09-07,536314109800
GOOG,2016-09-14,524039399800
GOOG,2016-09-21,533475669000
GOOG,2016-09-28,537145711100
GOOG,2016-10-05,535093429900
GOOG,2016-10-12,541757375000
GOOG,2016-10-19,552383852200
GOOG,2016-10-26,550667903500
GOOG,2016-11-02,529817711800
GOOG,2016-11-09,541265965000
GOOG,2016-11-16,526909124900
GOOG,2016-11-23,524503682200
GOOG,2016-11-30,522470428300
GOOG,2016-12-07,531533915900
GOOG,2016-12-14,549371410900
GOOG,2016-12-21,547641422000
GOOG,2016-12-28,541086762900
GOOG,2017-01-04,543978461700
GOOG,2017-01-11,558502527600
GOOG,2017-01-18,557230548500
GOOG,2017-01-25,577692821300
GOOG,2017-02-01,550159675600
GOOG,2017-02-08,558930342100
GOOG,2017-02-15,566259397300
GOOG,2017-02-22,574404328400
GOOG,2017-03-01,577501891400
GOOG,2017-03-08,577591776000
GOOG,2017-03-15,585771278200
GOOG,2017-03-22,573595366700
GOOG,2017-03-29,574853751600
GOOG,2017-04-05,575425512300
GOOG,2017-04-12,570518466600
GOOG,2017-04-19,580134529000
GOOG,2017-04-26,603334096400
GOOG,2017-05-03,641278622100
GOOG,2017-05-10,642482264700
GOOG,2017-05-17,636145847500
GOOG,2017-05-24,660592243100
GOOG,2017-05-31,667440554200
GOOG,2017-06-07,678660716500
GOOG,2017-06-14,657686898900
GOOG,2017-06-21,663698194300
GOOG,2017-06-28,650582640800
GOOG,2017-07-05,631701978000
GOOG,2017-07-12,653957155100
GOOG,2017-07-19,672709777800
GOOG,2017-07-26,656711190100
GOOG,2017-08-02,644648158000
GOOG,2017-08-09,639458490600
GOOG,2017-08-16,642271581300
GOOG,2017-08-23,642299296500
GOOG,2017-08-30,644079996800
GOOG,2017-09-06,642860528900
GOOG,2017-09-13,647904691700
GOOG,2017-09-20,645472684600
GOOG,2017-09-27,654417759000
GOOG,2017-10-04,661217747200
GOOG,2017-10-11,687321007500
GOOG,2017-10-18,689794459900
GOOG,2017-10-25,676271728000
GOOG,2017-11-01,712519553600
GOOG,2017-11-08,722489963700
GOOG,2017-11-15,709330411900
GOOG,2017-11-22,719787183500
GOOG,2017-11-29,709851513500
GOOG,2017-12-06,707572562600
GOOG,2017-12-13,723018013300
GOOG,2017-12-20,739929496400
GOOG,2017-12-27,729104479700
GOOG,2018-01-03,752088701800
GOOG,2018-01-10,766074683600
GOOG,2018-01-17,786480460300
GOOG,2018-01-24,808894159900
GOOG,2018-01-31,813456357200
GOOG,2018-02-07,729075052600
GOOG,2018-02-14,743759735800
GOOG,2018-02-21,772711923600
GOOG,2018-02-28,768116007200
GOOG,2018-03-07,771529917900
GOOG,2018-03-14,799237523300
GOOG,2018-03-21,758486136800
GOOG,2018-03-28,698468056600
GOOG,2018-04-04,712415917300
GOOG,2018-04-11,708823051600
GOOG,2018-04-18,744611877500
GOOG,2018-04-25,709259343600
GOOG,2018-05-02,711481899700
GOOG,2018-05-09,752029658700
GOOG,2018-05-16,751342055400
GOOG,2018-05-23,749897393900
GOOG,2018-05-30,741639208600
GOOG,2018-06-06,789618639700
GOOG,2018-06-13,788167032800
GOOG,2018-06-20,812510968200
GOOG,2018-06-27,766767984200
GOOG,2018-07-05,782431209400
GOOG,2018-07-12,823638172100
GOOG,2018-07-19,825741721500
GOOG,2018-07-26,882349024100
GOOG,2018-08-02,853005334500
GOOG,2018-08-09,868971140000
GOOG,2018-08-16,839328308900
GOOG,2018-08-23,838556106600
GOOG,2018-08-30,862028275500
GOOG,2018-09-06,814944802000
GOOG,2018-09-13,817650988700
GOOG,2018-09-20,825679110500
GOOG,2018-09-27,831084527000
GOOG,2018-10-04,813010007800
GOOG,2018-10-11,751160309200
GOOG,2018-10-18,757180337300
GOOG,2018-10-25,761931685600
GOOG,2018-11-01,744148620000
GOOG,2018-11-08,752772398400
GOOG,2018-11-15,740469604900
GOOG,2018-11-23,712073728100
GOOG,2018-11-30,761138854400
GOOG,2018-12-07,720906146300
GOOG,2018-12-14,724745118600
GOOG,2018-12-21,681236765600
GOOG,2018-12-28,721253879300
GOOG,2019-01-04,744738764800
GOOG,2019-01-11,735334847600
GOOG,2019-01-18,763901332600
GOOG,2019-01-25,758844640400
GOOG,2019-02-01,772178293800
GOOG,2019-02-08,761270819200
GOOG,2019-02-15,774194334400
GOOG,2019-02-22,771914123000
GOOG,2019-03-01,793200730500
GOOG,2019-03-08,794125328400
GOOG,2019-03-15,823420483300
GOOG,2019-03-22,838047205200
GOOG,2019-03-29,815669155000
GOOG,2019-04-05,838706091300
GOOG,2019-04-12,846154154300
GOOG,2019-04-22,866999427200
GOOG,2019-04-29,893894432000
GOOG,2019-05-06,825726633300
GOOG,2019-05-13,785904808900
GOOG,2019-05-20,790639551600
GOOG,2019-05-28,787376605800
GOOG,2019-06-04,731073433600
GOOG,2019-06-11,748894671900
GOOG,2019-06-18,766167457700
GOOG,2019-06-25,754191752100
GOOG,2019-07-02,771263062500
GOOG,2019-07-09,780688261500
GOOG,2019-07-16,800642199000
GOOG,2019-07-23,794780180100
GOOG,2019-07-30,849510115800
GOOG,2019-08-06,811241458100
GOOG,2019-08-13,830185102400
GOOG,2019-08-20,820075353700
GOOG,2019-08-27,809778387500
GOOG,2019-09-03,810159756600
GOOG,2019-09-10,836238470400
GOOG,2019-09-17,852290643400
GOOG,2019-09-24,845086234000
GOOG,2019-10-01,832610820600
GOOG,2019-10-08,821577051800
GOOG,2019-10-15,858803067100
GOOG,2019-10-22,857143500700
GOOG,2019-10-29,870813105000
GOOG,2019-11-05,891096811400
GOOG,2019-11-12,895765995100
GOOG,2019-11-19,907256187200
GOOG,2019-11-26,905938884300
GOOG,2019-12-03,893338295500
GOOG,2019-12-10,927395059300
GOOG,2019-12-17,934609189500
GOOG,2019-12-24,926636403100
GOOG,2019-12-31,922125847500
GOOG,2020-01-07,960969041900
GOOG,2020-01-14,986859906900
GOOG,2020-01-21,1023771976600
GOOG,2020-01-23,1025992770000
JPM,2015-01-22,213934715800
JPM,2015-01-29,206802320300
JPM,2015-02-05,211656306300
JPM,2015-02-12,222095581600
JPM,2015-02-19,220827955300
JPM,2015-02-26,229589489900
JPM,2015-03-05,231155381200
JPM,2015-03-12,228806544300
JPM,2015-03-19,228172731100
JPM,2015-03-26,221091221600
JPM,2015-04-02,224594997300
JPM,2015-04-09,228120530200
JPM,2015-04-16,236804474200
JPM,2015-04-23,233056276200
JPM,2015-04-30,234763376300
JPM,2015-05-07,239365124400
JPM,2015-05-14,245117309600
JPM,2015-05-21,247343961900
JPM,2015-05-28,245673972600
JPM,2015-06-04,246156414000
JPM,2015-06-11,254283694900
JPM,2015-06-18,255248577600
JPM,2015-06-25,254766136300
JPM,2015-07-02,249693510800
JPM,2015-07-09,244479235800
JPM,2015-07-16,257237568300
JPM,2015-07-23,257533413700
JPM,2015-07-30,255314573300
JPM,2015-08-06,252393100000
JPM,2015-08-13,249804452900
JPM,2015-08-20,243850564400
JPM,2015-08-27,238451386000
JPM,2015-09-03,231794864600
JPM,2015-09-10,231720903300
JPM,2015-09-17,231683922600
JPM,2015-09-24,222697618800
JPM,2015-10-01,226094992300
JPM,2015-10-08,228708594500
JPM,2015-10-15,227825123300
JPM,2015-10-22,232610592100
JPM,2015-10-29,240046474300
JPM,2015-11-05,244574263900
JPM,2015-11-12,242954566800
JPM,2015-11-19,249065242300
JPM,2015-11-27,247261488700
JPM,2015-12-04,249911902100
JPM,2015-12-11,235849986300
JPM,2015-12-18,237064759100
JPM,2015-12-28,244353396100
JPM,2016-01-04,233070247700
JPM,2016-01-11,215522204800
JPM,2016-01-19,208854681200
JPM,2016-01-26,209111124500
JPM,2016-02-02,209315207200
JPM,2016-02-09,206268887400
JPM,2016-02-11,194780958200
JPM,2016-02-18,212178013900
JPM,2016-02-25,209241801900
JPM,2016-03-03,220069083400
JPM,2016-03-10,215114225800
JPM,2016-03-17,215628062900
JPM,2016-03-24,217804857300
JPM,2016-03-31,216547340100
JPM,2016-04-07,209599688100
JPM,2016-04-14,228870280600
JPM,2016-04-21,232563506000
JPM,2016-04-28,232563506000
JPM,2016-05-05,223933791000
JPM,2016-05-12,225871820300
JPM,2016-05-19,231795607700
JPM,2016-05-26,237792528300
JPM,2016-06-02,240644722200
JPM,2016-06-09,236768663800
JPM,2016-06-16,227517316800
JPM,2016-06-23,234209002500
JPM,2016-06-30,224448586300
JPM,2016-07-07,217405220700
JPM,2016-07-14,231600311500
JPM,2016-07-21,230047159100
JPM,2016-07-28,231528071800
JPM,2016-08-04,233189583700
JPM,2016-08-11,236440367900
JPM,2016-08-18,238210239300
JPM,2016-08-25,238643677200
JPM,2016-09-01,242761337100
JPM,2016-09-08,242905816400
JPM,2016-09-15,240702507100
JPM,2016-09-22,243411493900
JPM,2016-09-29,237126644600
JPM,2016-10-06,242856798000
JPM,2016-10-13,242391623700
JPM,2016-10-20,244252321100
JPM,2016-10-27,247723237500
JPM,2016-11-03,244681712800
JPM,2016-11-10,274273958600
JPM,2016-11-17,279176180700
JPM,2016-11-25,282074574800
JPM,2016-12-02,291986366900
JPM,2016-12-09,305905815000
JPM,2016-12-16,303937769600
JPM,2016-12-23,311487907300
JPM,2016-12-30,308768426400
JPM,2017-01-06,306689674200
JPM,2017-01-13,308755164300
JPM,2017-01-20,297964758900
JPM,2017-01-27,309574238000
JPM,2017-02-03,311403751800
JPM,2017-02-10,310760798400
JPM,2017-02-17,322298239500
JPM,2017-02-24,322655435900
JPM,2017-03-03,331478185000
JPM,2017-03-10,326048800900
JPM,2017-03-17,322626599700
JPM,2017-03-24,310565459700
JPM,2017-03-31,312078285800
JPM,2017-04-07,306180631500
JPM,2017-04-17,305043734300
JPM,2017-04-24,310870332500
JPM,2017-05-01,309307098800
JPM,2017-05-08,309449211000
JPM,2017-05-15,310301883900
JPM,2017-05-22,300922481900
JPM,2017-05-30,298080238800
JPM,2017-06-06,294740603200
JPM,2017-06-13,310053187600
JPM,2017-06-20,310941388600
JPM,2017-06-27,312824374600
JPM,2017-07-05,329656585000
JPM,2017-07-12,325539396600
JPM,2017-07-19,320929553300
JPM,2017-07-26,323498397300
JPM,2017-08-02,327650775300
JPM,2017-08-09,329128740300
JPM,2017-08-16,324061431600
JPM,2017-08-23,322583466500
JPM,2017-08-30,321316639400
JPM,2017-09-06,317093882100
JPM,2017-09-13,320753605100
JPM,2017-09-20,330571515700
JPM,2017-09-27,334935031600
JPM,2017-10-04,334342758800
JPM,2017-10-11,336008227100
JPM,2017-10-18,339998411500
JPM,2017-10-25,350511680100
JPM,2017-11-01,350164707600
JPM,2017-11-08,338784007600
JPM,2017-11-15,340692356700
JPM,2017-11-22,342253733200
JPM,2017-11-29,359914636500
JPM,2017-12-06,364078307200
JPM,2017-12-13,366090748100
JPM,2017-12-20,368276675200
JPM,2017-12-27,372023978800
JPM,2018-01-03,370137788300
JPM,2018-01-10,377639192700
JPM,2018-01-17,387024511400
JPM,2018-01-24,396204312200
JPM,2018-01-31,396974639700
JPM,2018-02-07,387365155900
JPM,2018-02-14,394778186300
JPM,2018-02-21,395327299600
JPM,2018-02-28,396391206800
JPM,2018-03-07,393748598700
JPM,2018-03-14,394503629600
JPM,2018-03-21,391311625200
JPM,2018-03-28,368325392400
JPM,2018-04-04,377896188100
JPM,2018-04-11,376636420700
JPM,2018-04-18,372210210700
JPM,2018-04-25,374491411200
JPM,2018-05-02,367443523000
JPM,2018-05-09,386135748200
JPM,2018-05-16,385897413800
JPM,2018-05-23,383003353500
JPM,2018-05-30,368907577100
JPM,2018-06-06,375751178700
JPM,2018-06-13,374423315700
JPM,2018-06-20,366149707800
JPM,2018-06-27,351509167200
JPM,2018-07-05,348590898900
JPM,2018-07-12,359110466100
JPM,2018-07-19,369327553700
JPM,2018-07-26,385997538900
JPM,2018-08-02,390366688200
JPM,2018-08-09,392820133600
JPM,2018-08-16,385728668200
JPM,2018-08-23,385594232800
JPM,2018-08-30,387140239500
JPM,2018-09-06,383476875800
JPM,2018-09-13,381527563000
JPM,2018-09-20,398701680800
JPM,2018-09-27,384888447100
JPM,2018-10-04,383320091400
JPM,2018-10-11,359576659000
JPM,2018-10-18,359443642600
JPM,2018-10-25,348702566000
JPM,2018-11-01,362403258100
JPM,2018-11-08,373709654500
JPM,2018-11-15,366027955700
JPM,2018-11-23,354655051200
JPM,2018-11-30,369752415700
JPM,2018-12-07,343481671200
JPM,2018-12-14,333505439100
JPM,2018-12-21,313153925600
JPM,2018-12-28,321999518100
JPM,2019-01-04,329836898700
JPM,2019-01-11,327281801000
JPM,2019-01-18,342612386900
JPM,2019-01-25,338681467400
JPM,2019-02-01,340128227800
JPM,2019-02-08,331877138700
JPM,2019-02-15,345596211400
JPM,2019-02-22,343795378500
JPM,2019-03-01,341929060700
JPM,2019-03-08,337279637500
JPM,2019-03-15,348870453100
JPM,2019-03-22,324007022400
JPM,2019-03-29,328781384100
JPM,2019-04-05,341622796600
JPM,2019-04-12,360762237300
JPM,2019-04-22,368515332800
JPM,2019-04-29,376690144800
JPM,2019-05-06,373348852600
JPM,2019-05-13,355052844800
JPM,2019-05-20,361216393600
JPM,2019-05-28,352035950000
JPM,2019-06-04,355993597000
JPM,2019-06-11,359042931600
JPM,2019-06-18,359140250800
JPM,2019-06-25,349570530500
JPM,2019-07-02,363873793000
JPM,2019-07-09,362434924800
JPM,2019-07-16,368094473200
JPM,2019-07-23,372059354600
JPM,2019-07-30,369597291200
JPM,2019-08-06,353098268600
JPM,2019-08-13,349613009900
JPM,2019-08-20,343122115400
JPM,2019-08-27,338102063900
JPM,2019-09-03,347118971600
JPM,2019-09-10,373690072000
JPM,2019-09-17,379125796400
JPM,2019-09-24,375160915000
JPM,2019-10-01,362420830200
JPM,2019-10-08,350721741500
JPM,2019-10-15,376252728600
JPM,2019-10-22,391401950700
JPM,2019-10-29,396545785900
JPM,2019-11-05,404920200600
JPM,2019-11-12,405108389700
JPM,2019-11-19,409562198200
JPM,2019-11-26,412980966800
JPM,2019-12-03,407053010300
JPM,2019-12-10,421857219000
JPM,2019-12-17,433399483500
JPM,2019-12-24,431517592500
JPM,2019-12-27,436410509000
JPM,2020-01-03,426640560000
JPM,2020-01-10,419639880000
JPM,2020-01-17,426208800000
JPM,2020-01-23,418776360000
MSFT,2015-01-22,386644401200
MSFT,2015-01-29,344641020500
MSFT,2015-02-05,348250686000
MSFT,2015-02-12,353501108600
MSFT,2015-02-19,356864660600
MSFT,2015-02-26,361417761400
MSFT,2015-03-05,353665184300
MSFT,2015-03-12,336519273000
MSFT,2015-03-19,346897061400
MSFT,2015-03-26,338077992200
MSFT,2015-04-02,326872770000
MSFT,2015-04-09,336527240000
MSFT,2015-04-16,341056494600
MSFT,2015-04-23,350602193500
MSFT,2015-04-30,393476942600
MSFT,2015-05-07,377783166500
MSFT,2015-05-14,394124108600
MSFT,2015-05-21,383607660700
MSFT,2015-05-28,383850348000
MSFT,2015-06-04,375032710900
MSFT,2015-06-11,375679876900
MSFT,2015-06-18,377944958000
MSFT,2015-06-25,369289112400
MSFT,2015-07-02,356398800000
MSFT,2015-07-09,357362040000
MSFT,2015-07-16,374539820000
MSFT,2015-07-23,370124970000
MSFT,2015-07-30,374945349300
MSFT,2015-08-06,372865874200
MSFT,2015-08-13,373745652100
MSFT,2015-08-20,365187812500
MSFT,2015-08-25,323678291100
MSFT,2015-09-01,334475565400
MSFT,2015-09-08,351031386100
MSFT,2015-09-15,351751204400
MSFT,2015-09-22,351111365900
MSFT,2015-09-29,347432294600
MSFT,2015-10-06,373376817800
MSFT,2015-10-13,374494951600
MSFT,2015-10-20,381582613600
MSFT,2015-10-27,428871059700
MSFT,2015-11-03,432545499800
MSFT,2015-11-10,427433235300
MSFT,2015-11-17,423119762200
MSFT,2015-11-24,433344291100
MSFT,2015-12-01,441092566900
MSFT,2015-12-08,445645677400
MSFT,2015-12-15,440932808600
MSFT,2015-12-22,442130995600
MSFT,2015-12-29,451716491500
MSFT,2016-01-05,436271250000
MSFT,2016-01-12,418281500000
MSFT,2016-01-19,400688000000
MSFT,2016-01-26,412628327100
MSFT,2016-02-02,419193048400
MSFT,2016-02-09,389770442000
MSFT,2016-02-16,404086280100
MSFT,2016-02-23,404798117300
MSFT,2016-03-01,415871141200
MSFT,2016-03-08,408515489600
MSFT,2016-03-15,423859537100
MSFT,2016-03-22,427656002400
MSFT,2016-03-29,432717956200
MSFT,2016-04-05,429387200000
MSFT,2016-04-12,430095500000
MSFT,2016-04-19,443251728500
MSFT,2016-04-26,404342417300
MSFT,2016-05-03,391294042300
MSFT,2016-05-10,401041021200
MSFT,2016-05-17,397032183100
MSFT,2016-05-24,405521487400
MSFT,2016-05-31,416604745700
MSFT,2016-06-07,409530325500
MSFT,2016-06-14,391687065600
MSFT,2016-06-21,402377300600
MSFT,2016-06-28,388621483500
MSFT,2016-07-05,399535360000
MSFT,2016-07-12,415463680000
MSFT,2016-07-19,414526720000
MSFT,2016-07-26,442303185500
MSFT,2016-08-02,440900532600
MSFT,2016-08-09,453524407900
MSFT,2016-08-16,447602096100
MSFT,2016-08-23,451108728100
MSFT,2016-08-30,451108728100
MSFT,2016-09-06,448926823700
MSFT,2016-09-13,440510906900
MSFT,2016-09-20,442692811200
MSFT,2016-09-27,451576279000
MSFT,2016-10-04,445556160000
MSFT,2016-10-11,445166960000
MSFT,2016-10-18,448326709800
MSFT,2016-10-25,474218627000
MSFT,2016-11-01,464965959900
MSFT,2016-11-08,470175444700
MSFT,2016-11-15,457734883900
MSFT,2016-11-22,475229422600
MSFT,2016-11-29,474996162000
MSFT,2016-12-06,466132262500
MSFT,2016-12-13,489691574500
MSFT,2016-12-20,494045770800
MSFT,2016-12-27,492024179600
MSFT,2017-01-03,483743400000
MSFT,2017-01-10,484052600000
MSFT,2017-01-17,483356900000
MSFT,2017-01-24,490852692900
MSFT,2017-01-31,499584801600
MSFT,2017-02-07,490157215200
MSFT,2017-02-14,498966599200
MSFT,2017-02-21,498348396800
MSFT,2017-02-28,494407356600
MSFT,2017-03-07,497652919100
MSFT,2017-03-14,497730194400
MSFT,2017-03-21,496184688500
MSFT,2017-03-28,504530420600
MSFT,2017-04-04,507632790000
MSFT,2017-04-11,505702040000
MSFT,2017-04-18,505006970000
MSFT,2017-04-25,524377358400
MSFT,2017-05-02,535031668700
MSFT,2017-05-09,533024334900
MSFT,2017-05-16,535880925300
MSFT,2017-05-23,530244949600
MSFT,2017-05-30,543601440000
MSFT,2017-06-06,559891726000
MSFT,2017-06-13,545454363600
MSFT,2017-06-20,539741182700
MSFT,2017-06-27,534336822400
MSFT,2017-07-05,532468640000
MSFT,2017-07-12,548424200000
MSFT,2017-07-19,569312880000
MSFT,2017-07-26,570777400000
MSFT,2017-08-02,556564151400
MSFT,2017-08-09,558181622700
MSFT,2017-08-16,567270270600
MSFT,2017-08-23,560107183700
MSFT,2017-08-30,570043078400
MSFT,2017-09-06,565344709600
MSFT,2017-09-13,579285771200
MSFT,2017-09-20,577206165400
MSFT,2017-09-27,568810719400
MSFT,2017-10-04,576606800000
MSFT,2017-10-11,589962400000
MSFT,2017-10-18,599149200000
MSFT,2017-10-25,606598227400
MSFT,2017-11-01,641699612800
MSFT,2017-11-08,652345747300
MSFT,2017-11-15,640156694800
MSFT,2017-11-22,641159591500
MSFT,2017-11-29,642933947300
MSFT,2017-12-06,638613776800
MSFT,2017-12-13,658440273600
MSFT,2017-12-20,659751753900
MSFT,2017-12-27,661217526000
MSFT,2018-01-03,665326750000
MSFT,2018-01-10,676653100000
MSFT,2018-01-17,694528700000
MSFT,2018-01-24,707473100000
MSFT,2018-01-31,731557323400
MSFT,2018-02-07,689978441800
MSFT,2018-02-14,699218193200
MSFT,2018-02-21,704454052400
MSFT,2018-02-28,722009580200
MSFT,2018-03-07,722702561600
MSFT,2018-03-14,722625563700
MSFT,2018-03-21,712076847400
MSFT,2018-03-28,688284487300
MSFT,2018-04-04,710017700000
MSFT,2018-04-11,706403400000
MSFT,2018-04-18,741623600000
MSFT,2018-04-25,709235961200
MSFT,2018-05-02,718455798200
MSFT,2018-05-09,744809165600
MSFT,2018-05-16,746422637100
MSFT,2018-05-23,758024265400
MSFT,2018-05-30,760252392600
MSFT,2018-06-06,787450911800
MSFT,2018-06-13,774850467900
MSFT,2018-06-20,782687329300
MSFT,2018-06-27,749419084200
MSFT,2018-07-05,765857520000
MSFT,2018-07-12,799866630000
MSFT,2018-07-19,801478800000
MSFT,2018-07-26,841552740000
MSFT,2018-08-02,824870135000
MSFT,2018-08-09,840973391300
MSFT,2018-08-16,825406910200
MSFT,2018-08-23,824793452800
MSFT,2018-08-30,858456926700
MSFT,2018-09-06,833841949200
MSFT,2018-09-13,865818415300
MSFT,2018-09-20,870879438800
MSFT,2018-09-27,878384113600
MSFT,2018-10-04,866227200000
MSFT,2018-10-11,813388800000
MSFT,2018-10-18,833280000000
MSFT,2018-10-25,831334485200
MSFT,2018-11-01,813065084700
MSFT,2018-11-08,857817439700
MSFT,2018-11-15,823504742100
MSFT,2018-11-23,791187861400
MSFT,2018-11-30,851215891600
MSFT,2018-12-07,804621244100
MSFT,2018-12-14,813909468800
MSFT,2018-12-21,754034962900
MSFT,2018-12-28,770615595300
MSFT,2019-01-04,783128190000
MSFT,2019-01-11,789812400000
MSFT,2019-01-18,827535930000
MSFT,2019-01-25,822231110100
MSFT,2019-02-01,788550093300
MSFT,2019-02-08,810722790000
MSFT,2019-02-15,830286934100
MSFT,2019-02-22,851385521000
MSFT,2019-03-01,863354173900
MSFT,2019-03-08,847856302800
MSFT,2019-03-15,889286255200
MSFT,2019-03-22,898032578500
MSFT,2019-03-29,904860848400
MSFT,2019-04-05,919076740000
MSFT,2019-04-12,927202700000
MSFT,2019-04-22,948350343300
MSFT,2019-04-29,994403878900
MSFT,2019-05-06,981990113900
MSFT,2019-05-13,945208588000
MSFT,2019-05-20,967200875300
MSFT,2019-05-28,966741106300
MSFT,2019-06-04,943752652600
MSFT,2019-06-11,1012258244600
MSFT,2019-06-18,1035706467400
MSFT,2019-06-25,1022449792400
MSFT,2019-07-02,1043880940000
MSFT,2019-07-09,1042963780000
MSFT,2019-07-16,1047702440000
MSFT,2019-07-23,1064593470000
MSFT,2019-07-30,1071629709300
MSFT,2019-08-06,1028413292100
MSFT,2019-08-13,1058267742800
MSFT,2019-08-20,1048036294200
MSFT,2019-08-27,1036430472000
MSFT,2019-09-03,1038721094800
MSFT,2019-09-10,1039026511200
MSFT,2019-09-17,1049028897500
MSFT,2019-09-24,1048952543400
MSFT,2019-10-01,1046392380000
MSFT,2019-10-08,1044028365100
MSFT,2019-10-15,1089469416900
MSFT,2019-10-22,1040340219700
MSFT,2019-10-29,1089622303800
MSFT,2019-11-05,1102057257000
MSFT,2019-11-12,1121968439600
MSFT,2019-11-19,1147296074200
MSFT,2019-11-26,1159807315400
MSFT,2019-12-03,1139056964100
MSFT,2019-12-10,1152941390300
MSFT,2019-12-17,1180099938300
MSFT,2019-12-24,1200621425300
MSFT,2019-12-31,1203062643100
MSFT,2020-01-07,1202147186400
MSFT,2020-01-14,1236858251900
MSFT,2020-01-17,1274773415800
MSFT,2020-01-23,1265008544600
